{
    "CLI_package_name": "certora-cli",
    "CLI_version": "7.14.2",
    "branch": "certora",
    "certora_ci_client": null,
    "conf": {
        "files": [
            "contracts/CollectionFactory.sol"
        ],
        "loop_iter": "3",
        "msg": "Verification of NFTlendingBorrowing",
        "optimistic_loop": true,
        "process": "emv",
        "solc_optimize": "1000000",
        "solc_via_ir": true,
        "verify": "CollectionFactory:certora/CollectionFactory.spec"
    },
    "conf_path": null,
    "cwd_relative": ".",
    "dirty": true,
    "group_id": null,
    "main_spec": "certora/CollectionFactory.spec",
    "origin": "https://github.com/Pandora-Finance/aconomy-contract.git",
    "python_version": "3.10.12",
    "raw_args": [
        "/home/dell/.local/bin/certoraRun",
        "contracts/CollectionFactory.sol",
        "--verify",
        "CollectionFactory:certora/CollectionFactory.spec",
        "--optimistic_loop",
        "--loop_iter",
        "3",
        "--solc_via_ir",
        "--solc_optimize",
        "1000000",
        "--msg",
        "Verification of NFTlendingBorrowing"
    ],
    "revision": "34d8da1e56f7b036eb5a74146109faf87bc1eaf5",
    "timestamp": "1725488854.070139"
}